COD. COBRO,FACTURA,RUC,RAZON SOCIAL,TIMBRADO,FECHA,FACTURACION,MEDICO,AGENDA Nº,PACIENTE,ENTIDAD,CONCEPTO,FAC. PARTICULAR,IVA,SEGURO A FACTURAR,FORMAPAGO,DOCUMENTO,OBS,COBRADO POR
3001,001-002-0000502,44444401-7,PEDRO SOSA NÚÑEZ,12345678,01-09-2026 17:17,CONTADO,"MEDICO PRINCIPAL,",0,PEDRO SOSA NÚÑEZ,PARTICULAR,LIMPIEZA PROFUNDA,30.000,2.727,0,TARJETA DEBITO,,,CESAR SOSA
3001,001-002-0000502,44444401-7,PEDRO SOSA NÚÑEZ,12345678,01-09-2026 17:17,CONTADO,"MEDICO PRINCIPAL,",0,PEDRO SOSA NÚÑEZ,PARTICULAR,CRISTAL MONOFOCAL CON ANTIRREFLEX,300.000,27.273,0,TARJETA DEBITO,,,CESAR SOSA
3002,001-002-0000503,44444401-7,LUIS ROJAS ROJAS,12345678,01-09-2026 16:14,CONTADO,"MEDICO PRINCIPAL,",0,LUIS ROJAS ROJAS,PARTICULAR,CRISTAL MONOFOCAL CON ANTIRREFLEX,300.000,27.273,0,TARJETA CREDITO,,,CESAR SOSA
3003,001-002-0000504,44444401-7,MARCOS ROJAS ROJAS,12345678,01-09-2026 09:30,CONTADO,"MEDICO PRINCIPAL,",0,MARCOS ROJAS ROJAS,PARTICULAR,LENTES DE CONTACTO,280.000,25.455,0,EFECTIVO,,,DANIELA RIVAS
3003,001-002-0000504,44444401-7,MARCOS ROJAS ROJAS,12345678,01-09-2026 09:30,CONTADO,"MEDICO PRINCIPAL,",0,MARCOS ROJAS ROJAS,PARTICULAR,ARMAZON GAMA MEDIA,450.000,40.909,0,EFECTIVO,,,DANIELA RIVAS
3004,001-002-0000505,44444401-7,ANA ORTIZ DUARTE,12345678,02-09-2026 11:09,CONTADO,"MEDICO PRINCIPAL,",0,ANA ORTIZ DUARTE,PARTICULAR,LIMPIEZA PROFUNDA,30.000,2.727,0,TARJETA CREDITO,,,DANIELA RIVAS
3005,001-002-0000506,44444401-7,CARLOS ORTIZ GIMÉNEZ,12345678,02-09-2026 10:33,CONTADO,"MEDICO PRINCIPAL,",0,CARLOS ORTIZ GIMÉNEZ,PARTICULAR,ARMAZON GAMA MEDIA,450.000,40.909,0,EFECTIVO,,,DANIELA RIVAS
3006,001-002-0000507,44444401-7,MARÍA ORTIZ VILLALBA,12345678,03-09-2026 17:30,CONTADO,"MEDICO PRINCIPAL,",0,MARÍA ORTIZ VILLALBA,PARTICULAR,MULTIFOCALES,1.200.000,109.091,0,TARJETA DEBITO,,,CESAR SOSA
3007,001-002-0000508,44444401-7,SOFÍA FRANCO AYALA,12345678,03-09-2026 10:54,CONTADO,"MEDICO PRINCIPAL,",0,SOFÍA FRANCO AYALA,PARTICULAR,CRISTAL MONOFOCAL CON ANTIRREFLEX,300.000,27.273,0,TARJETA DEBITO,,,DANIELA RIVAS
3008,001-002-0000509,44444401-7,ANA AYALA DUARTE,12345678,03-09-2026 11:42,CONTADO,"MEDICO PRINCIPAL,",0,ANA AYALA DUARTE,PARTICULAR,COMPOSTURA/ SOLDADURA,60.000,5.455,0,TARJETA CREDITO,,,CESAR SOSA
3009,001-002-0000510,44444401-7,ROSA GIMÉNEZ ACOSTA,12345678,04-09-2026 16:04,CONTADO,"MEDICO PRINCIPAL,",0,ROSA GIMÉNEZ ACOSTA,PARTICULAR,LENTE DE SOL,400.000,36.364,0,TRANSFERENCIA,,,DANIELA RIVAS
3010,001-002-0000511,44444401-7,MARCOS FRANCO FRANCO,12345678,04-09-2026 13:08,CONTADO,"MEDICO PRINCIPAL,",0,MARCOS FRANCO FRANCO,PARTICULAR,LIMPIEZA PROFUNDA,30.000,2.727,0,TRANSFERENCIA,,,DANIELA RIVAS
3010,001-002-0000511,44444401-7,MARCOS FRANCO FRANCO,12345678,04-09-2026 13:08,CONTADO,"MEDICO PRINCIPAL,",0,MARCOS FRANCO FRANCO,PARTICULAR,MULTIFOCALES,1.200.000,109.091,0,TRANSFERENCIA,,,DANIELA RIVAS
3011,001-002-0000512,44444401-7,ELENA VILLALBA SOSA,12345678,05-09-2026 08:00,CONTADO,"MEDICO PRINCIPAL,",0,ELENA VILLALBA SOSA,PARTICULAR,MULTIFOCALES,1.200.000,109.091,0,TARJETA CREDITO,,,CESAR SOSA
3012,001-002-0000513,44444401-7,JORGE CABRERA BENÍTEZ,12345678,05-09-2026 11:53,CONTADO,"MEDICO PRINCIPAL,",0,JORGE CABRERA BENÍTEZ,PARTICULAR,LENTES DE CONTACTO,280.000,25.455,0,TRANSFERENCIA,,,DANIELA RIVAS
3013,001-002-0000514,44444401-7,ELENA ROJAS VILLALBA,12345678,06-09-2026 09:58,CONTADO,"MEDICO PRINCIPAL,",0,ELENA ROJAS VILLALBA,PARTICULAR,LENTE DE SOL,400.000,36.364,0,TRANSFERENCIA,,,CESAR SOSA
3014,001-002-0000515,44444401-7,SOFÍA BENÍTEZ ACOSTA,12345678,06-09-2026 15:42,CONTADO,"MEDICO PRINCIPAL,",0,SOFÍA BENÍTEZ ACOSTA,PARTICULAR,LIMPIEZA PROFUNDA,30.000,2.727,0,TARJETA CREDITO,,,DANIELA RIVAS
3015,001-002-0000517,44444401-7,JULIA MEDINA SOSA,12345678,06-09-2026 16:51,CONTADO,"MEDICO PRINCIPAL,",0,JULIA MEDINA SOSA,PARTICULAR,LIMPIEZA PROFUNDA,30.000,2.727,0,TARJETA CREDITO,,,CESAR SOSA
3016,001-002-0000518,44444401-7,MARCOS NÚÑEZ DUARTE,12345678,07-09-2026 10:24,CONTADO,"MEDICO PRINCIPAL,",0,MARCOS NÚÑEZ DUARTE,PARTICULAR,ARMAZON GAMA MEDIA,450.000,40.909,0,EFECTIVO,,,DANIELA RIVAS
3016,001-002-0000518,44444401-7,MARCOS NÚÑEZ DUARTE,12345678,07-09-2026 10:24,CONTADO,"MEDICO PRINCIPAL,",0,MARCOS NÚÑEZ DUARTE,PARTICULAR,LIMPIEZA PROFUNDA,30.000,2.727,0,EFECTIVO,,,DANIELA RIVAS
3017,001-002-0000519,44444401-7,JULIA AYALA FRANCO,12345678,07-09-2026 11:59,CONTADO,"MEDICO PRINCIPAL,",0,JULIA AYALA FRANCO,PARTICULAR,LENTE DE SOL,400.000,36.364,0,TRANSFERENCIA,,,DANIELA RIVAS
3018,001-002-0000520,44444401-7,JULIA CABRERA GIMÉNEZ,12345678,08-09-2026 13:46,CONTADO,"MEDICO PRINCIPAL,",0,JULIA CABRERA GIMÉNEZ,PARTICULAR,LENTE DE SOL,400.000,36.364,0,TARJETA DEBITO,,,CESAR SOSA
3019,001-002-0000521,44444401-7,LUIS SOSA BENÍTEZ,12345678,08-09-2026 13:45,CONTADO,"MEDICO PRINCIPAL,",0,LUIS SOSA BENÍTEZ,PARTICULAR,LENTE DE RECETA,700.000,63.636,0,TARJETA DEBITO,,,CESAR SOSA
3020,001-002-0000522,44444401-7,ROSA ACOSTA SOSA,12345678,08-09-2026 10:39,CONTADO,"MEDICO PRINCIPAL,",0,ROSA ACOSTA SOSA,PARTICULAR,LENTES DE CONTACTO,280.000,25.455,0,TARJETA CREDITO,,,DANIELA RIVAS
3020,001-002-0000522,44444401-7,ROSA ACOSTA SOSA,12345678,08-09-2026 10:39,CONTADO,"MEDICO PRINCIPAL,",0,ROSA ACOSTA SOSA,PARTICULAR,LIMPIEZA PROFUNDA,30.000,2.727,0,TARJETA CREDITO,,,DANIELA RIVAS
3021,001-002-0000524,44444401-7,PAULA FRANCO BENÍTEZ,12345678,09-09-2026 15:36,CONTADO,"MEDICO PRINCIPAL,",0,PAULA FRANCO BENÍTEZ,PARTICULAR,LENTE DE RECETA,350.000,31.818,0,TRANSFERENCIA,,,CESAR SOSA
3022,001-002-0000526,44444401-7,PEDRO ACOSTA GIMÉNEZ,12345678,09-09-2026 14:56,CONTADO,"MEDICO PRINCIPAL,",0,PEDRO ACOSTA GIMÉNEZ,PARTICULAR,CRISTAL MONOFOCAL CON ANTIRREFLEX,300.000,27.273,0,TARJETA CREDITO,,,DANIELA RIVAS
3023,001-002-0000527,44444401-7,ROSA ORTIZ BENÍTEZ,12345678,10-09-2026 14:46,CONTADO,"MEDICO PRINCIPAL,",0,ROSA ORTIZ BENÍTEZ,PARTICULAR,LENTES DE CONTACTO,280.000,25.455,0,TARJETA CREDITO,,,CESAR SOSA
3023,001-002-0000527,44444401-7,ROSA ORTIZ BENÍTEZ,12345678,10-09-2026 14:46,CONTADO,"MEDICO PRINCIPAL,",0,ROSA ORTIZ BENÍTEZ,PARTICULAR,LENTE DE RECETA,700.000,63.636,0,TARJETA CREDITO,,,CESAR SOSA
3024,001-002-0000528,44444401-7,ELENA GIMÉNEZ ACOSTA,12345678,10-09-2026 09:12,CONTADO,"MEDICO PRINCIPAL,",0,ELENA GIMÉNEZ ACOSTA,PARTICULAR,LENTE DE SOL,400.000,36.364,0,EFECTIVO,,,CESAR SOSA
3025,001-002-0000529,44444401-7,LUIS BENÍTEZ BENÍTEZ,12345678,11-09-2026 08:24,CONTADO,"MEDICO PRINCIPAL,",0,LUIS BENÍTEZ BENÍTEZ,PARTICULAR,MULTIFOCALES,1.200.000,109.091,0,TARJETA CREDITO,,,CESAR SOSA
3026,001-002-0000530,44444401-7,LUCÍA MEDINA RAMÍREZ,12345678,11-09-2026 15:26,CONTADO,"MEDICO PRINCIPAL,",0,LUCÍA MEDINA RAMÍREZ,PARTICULAR,ARMAZON GAMA MEDIA,450.000,40.909,0,EFECTIVO,,,DANIELA RIVAS
3027,001-002-0000531,44444401-7,PAULA ROJAS AYALA,12345678,11-09-2026 12:34,CONTADO,"MEDICO PRINCIPAL,",0,PAULA ROJAS AYALA,PARTICULAR,COMPOSTURA/ SOLDADURA,60.000,5.455,0,EFECTIVO,,,DANIELA RIVAS
3027,001-002-0000531,44444401-7,PAULA ROJAS AYALA,12345678,11-09-2026 12:34,CONTADO,"MEDICO PRINCIPAL,",0,PAULA ROJAS AYALA,PARTICULAR,LENTES DE CONTACTO,280.000,25.455,0,EFECTIVO,,,DANIELA RIVAS
3028,001-002-0000532,44444401-7,LUIS ACOSTA DUARTE,12345678,12-09-2026 17:58,CONTADO,"MEDICO PRINCIPAL,",0,LUIS ACOSTA DUARTE,PARTICULAR,LIMPIEZA PROFUNDA,30.000,2.727,0,TARJETA CREDITO,,,DANIELA RIVAS
3028,001-002-0000532,44444401-7,LUIS ACOSTA DUARTE,12345678,12-09-2026 17:58,CONTADO,"MEDICO PRINCIPAL,",0,LUIS ACOSTA DUARTE,PARTICULAR,LENTES DE CONTACTO,280.000,25.455,0,TARJETA CREDITO,,,DANIELA RIVAS
3029,001-002-0000533,44444401-7,JORGE FRANCO RAMÍREZ,12345678,12-09-2026 10:47,CONTADO,"MEDICO PRINCIPAL,",0,JORGE FRANCO RAMÍREZ,PARTICULAR,CRISTAL MONOFOCAL CON ANTIRREFLEX,300.000,27.273,0,TARJETA CREDITO,,,DANIELA RIVAS
3029,001-002-0000533,44444401-7,JORGE FRANCO RAMÍREZ,12345678,12-09-2026 10:47,CONTADO,"MEDICO PRINCIPAL,",0,JORGE FRANCO RAMÍREZ,PARTICULAR,ARMAZON GAMA MEDIA,450.000,40.909,0,TARJETA CREDITO,,,DANIELA RIVAS
3030,001-002-0000534,44444401-7,MIGUEL CABRERA ORTIZ,12345678,13-09-2026 16:16,CONTADO,"MEDICO PRINCIPAL,",0,MIGUEL CABRERA ORTIZ,PARTICULAR,MULTIFOCALES,1.200.000,109.091,0,TARJETA CREDITO,,,CESAR SOSA
3031,001-002-0000535,44444401-7,MARCOS ACOSTA DUARTE,12345678,13-09-2026 11:40,CONTADO,"MEDICO PRINCIPAL,",0,MARCOS ACOSTA DUARTE,PARTICULAR,LENTE DE RECETA,700.000,63.636,0,EFECTIVO,,,DANIELA RIVAS
3032,001-002-0000537,44444401-7,MARÍA GIMÉNEZ MEDINA,12345678,13-09-2026 14:53,CONTADO,"MEDICO PRINCIPAL,",0,MARÍA GIMÉNEZ MEDINA,PARTICULAR,LENTE DE RECETA,700.000,63.636,0,TARJETA DEBITO,,,DANIELA RIVAS
3033,001-002-0000539,44444401-7,ANDRÉS ACOSTA DUARTE,12345678,14-09-2026 16:35,CONTADO,"MEDICO PRINCIPAL,",0,ANDRÉS ACOSTA DUARTE,PARTICULAR,CRISTAL MONOFOCAL CON ANTIRREFLEX,300.000,27.273,0,TARJETA CREDITO,,,DANIELA RIVAS
3033,001-002-0000539,44444401-7,ANDRÉS ACOSTA DUARTE,12345678,14-09-2026 16:35,CONTADO,"MEDICO PRINCIPAL,",0,ANDRÉS ACOSTA DUARTE,PARTICULAR,LENTE DE SOL,400.000,36.364,0,TARJETA CREDITO,,,DANIELA RIVAS
3034,001-002-0000540,44444401-7,JORGE BENÍTEZ AYALA,12345678,14-09-2026 15:35,CONTADO,"MEDICO PRINCIPAL,",0,JORGE BENÍTEZ AYALA,PARTICULAR,MULTIFOCALES,1.200.000,109.091,0,TRANSFERENCIA,,,CESAR SOSA
3035,001-002-0000541,44444401-7,PEDRO FRANCO BENÍTEZ,12345678,15-09-2026 14:48,CONTADO,"MEDICO PRINCIPAL,",0,PEDRO FRANCO BENÍTEZ,PARTICULAR,COMPOSTURA/ SOLDADURA,60.000,5.455,0,TARJETA DEBITO,,,DANIELA RIVAS
3036,001-002-0000542,44444401-7,CARLOS RAMÍREZ ORTIZ,12345678,15-09-2026 09:55,CONTADO,"MEDICO PRINCIPAL,",0,CARLOS RAMÍREZ ORTIZ,PARTICULAR,LIMPIEZA PROFUNDA,30.000,2.727,0,TARJETA CREDITO,,,DANIELA RIVAS
3036,001-002-0000542,44444401-7,CARLOS RAMÍREZ ORTIZ,12345678,15-09-2026 09:55,CONTADO,"MEDICO PRINCIPAL,",0,CARLOS RAMÍREZ ORTIZ,PARTICULAR,LENTES DE CONTACTO,280.000,25.455,0,TARJETA CREDITO,,,DANIELA RIVAS
3037,001-002-0000543,44444401-7,MARÍA MEDINA MEDINA,12345678,16-09-2026 15:09,CONTADO,"MEDICO PRINCIPAL,",0,MARÍA MEDINA MEDINA,PARTICULAR,MULTIFOCALES,1.200.000,109.091,0,TARJETA CREDITO,,,CESAR SOSA
3038,001-002-0000544,44444401-7,PEDRO BENÍTEZ CABRERA,12345678,16-09-2026 17:16,CONTADO,"MEDICO PRINCIPAL,",0,PEDRO BENÍTEZ CABRERA,PARTICULAR,MULTIFOCALES,1.200.000,109.091,0,EFECTIVO,,,DANIELA RIVAS
3039,001-002-0000545,44444401-7,JORGE AYALA CABRERA,12345678,16-09-2026 08:02,CONTADO,"MEDICO PRINCIPAL,",0,JORGE AYALA CABRERA,PARTICULAR,CRISTAL MONOFOCAL CON ANTIRREFLEX,300.000,27.273,0,EFECTIVO,,,DANIELA RIVAS
3039,001-002-0000545,44444401-7,JORGE AYALA CABRERA,12345678,16-09-2026 08:02,CONTADO,"MEDICO PRINCIPAL,",0,JORGE AYALA CABRERA,PARTICULAR,LIMPIEZA PROFUNDA,30.000,2.727,0,EFECTIVO,,,DANIELA RIVAS
3040,001-002-0000546,44444401-7,JULIA ROJAS AYALA,12345678,17-09-2026 17:46,CONTADO,"MEDICO PRINCIPAL,",0,JULIA ROJAS AYALA,PARTICULAR,LENTE DE RECETA,350.000,31.818,0,TARJETA DEBITO,,,DANIELA RIVAS
3041,001-002-0000547,44444401-7,ROSA CABRERA ACOSTA,12345678,17-09-2026 12:32,CONTADO,"MEDICO PRINCIPAL,",0,ROSA CABRERA ACOSTA,PARTICULAR,ARMAZON GAMA MEDIA,450.000,40.909,0,EFECTIVO,,,CESAR SOSA
3042,001-002-0000548,44444401-7,LAURA BENÍTEZ RAMÍREZ,12345678,18-09-2026 14:07,CONTADO,"MEDICO PRINCIPAL,",0,LAURA BENÍTEZ RAMÍREZ,PARTICULAR,LIMPIEZA PROFUNDA,30.000,2.727,0,EFECTIVO,,,DANIELA RIVAS
3043,001-002-0000549,44444401-7,LAURA MEDINA GIMÉNEZ,12345678,18-09-2026 17:47,CONTADO,"MEDICO PRINCIPAL,",0,LAURA MEDINA GIMÉNEZ,PARTICULAR,LENTE DE RECETA,350.000,31.818,0,TRANSFERENCIA,,,DANIELA RIVAS
3044,001-002-0000550,44444401-7,LUCÍA RAMÍREZ DUARTE,12345678,18-09-2026 15:14,CONTADO,"MEDICO PRINCIPAL,",0,LUCÍA RAMÍREZ DUARTE,PARTICULAR,MULTIFOCALES,1.200.000,109.091,0,TARJETA CREDITO,,,CESAR SOSA
3045,001-002-0000551,44444401-7,LUCÍA RAMÍREZ RAMÍREZ,12345678,19-09-2026 14:29,CONTADO,"MEDICO PRINCIPAL,",0,LUCÍA RAMÍREZ RAMÍREZ,PARTICULAR,LIMPIEZA PROFUNDA,30.000,2.727,0,TARJETA DEBITO,,,DANIELA RIVAS
3045,001-002-0000551,44444401-7,LUCÍA RAMÍREZ RAMÍREZ,12345678,19-09-2026 14:29,CONTADO,"MEDICO PRINCIPAL,",0,LUCÍA RAMÍREZ RAMÍREZ,PARTICULAR,MULTIFOCALES,1.200.000,109.091,0,TARJETA DEBITO,,,DANIELA RIVAS
3046,001-002-0000552,44444401-7,LUCÍA ROJAS RAMÍREZ,12345678,19-09-2026 16:09,CONTADO,"MEDICO PRINCIPAL,",0,LUCÍA ROJAS RAMÍREZ,PARTICULAR,COMPOSTURA/ SOLDADURA,60.000,5.455,0,TRANSFERENCIA,,,CESAR SOSA
3046,001-002-0000552,44444401-7,LUCÍA ROJAS RAMÍREZ,12345678,19-09-2026 16:09,CONTADO,"MEDICO PRINCIPAL,",0,LUCÍA ROJAS RAMÍREZ,PARTICULAR,LENTE DE RECETA,350.000,31.818,0,TRANSFERENCIA,,,CESAR SOSA
3047,001-002-0000553,44444401-7,ANDRÉS AYALA RAMÍREZ,12345678,20-09-2026 08:34,CONTADO,"MEDICO PRINCIPAL,",0,ANDRÉS AYALA RAMÍREZ,PARTICULAR,LENTE DE RECETA,700.000,63.636,0,EFECTIVO,,,DANIELA RIVAS
3047,001-002-0000553,44444401-7,ANDRÉS AYALA RAMÍREZ,12345678,20-09-2026 08:34,CONTADO,"MEDICO PRINCIPAL,",0,ANDRÉS AYALA RAMÍREZ,PARTICULAR,LENTE DE SOL,400.000,36.364,0,EFECTIVO,,,DANIELA RIVAS
3048,001-002-0000554,44444401-7,CARLOS ORTIZ CABRERA,12345678,20-09-2026 13:45,CONTADO,"MEDICO PRINCIPAL,",0,CARLOS ORTIZ CABRERA,PARTICULAR,LIMPIEZA PROFUNDA,30.000,2.727,0,EFECTIVO,,,CESAR SOSA
3048,001-002-0000554,44444401-7,CARLOS ORTIZ CABRERA,12345678,20-09-2026 13:45,CONTADO,"MEDICO PRINCIPAL,",0,CARLOS ORTIZ CABRERA,PARTICULAR,MULTIFOCALES,1.200.000,109.091,0,EFECTIVO,,,CESAR SOSA
3049,001-002-0000555,44444401-7,ELENA DUARTE AYALA,12345678,21-09-2026 13:56,CONTADO,"MEDICO PRINCIPAL,",0,ELENA DUARTE AYALA,PARTICULAR,LENTE DE SOL,400.000,36.364,0,TRANSFERENCIA,,,DANIELA RIVAS
3050,001-002-0000556,44444401-7,MIGUEL FRANCO ROJAS,12345678,21-09-2026 09:20,CONTADO,"MEDICO PRINCIPAL,",0,MIGUEL FRANCO ROJAS,PARTICULAR,ARMAZON GAMA MEDIA,450.000,40.909,0,TRANSFERENCIA,,,CESAR SOSA
3051,001-002-0000557,44444401-7,ROSA ACOSTA AYALA,12345678,21-09-2026 08:28,CONTADO,"MEDICO PRINCIPAL,",0,ROSA ACOSTA AYALA,PARTICULAR,LENTE DE RECETA,350.000,31.818,0,TARJETA CREDITO,,,CESAR SOSA
3052,001-002-0000558,44444401-7,PEDRO CABRERA GIMÉNEZ,12345678,22-09-2026 11:07,CONTADO,"MEDICO PRINCIPAL,",0,PEDRO CABRERA GIMÉNEZ,PARTICULAR,LIMPIEZA PROFUNDA,30.000,2.727,0,TARJETA CREDITO,,,DANIELA RIVAS
3053,001-002-0000559,44444401-7,JORGE AYALA SOSA,12345678,22-09-2026 16:41,CONTADO,"MEDICO PRINCIPAL,",0,JORGE AYALA SOSA,PARTICULAR,LENTES DE CONTACTO,280.000,25.455,0,EFECTIVO,,,DANIELA RIVAS
3054,001-002-0000560,44444401-7,ANA RAMÍREZ FRANCO,12345678,23-09-2026 08:06,CONTADO,"MEDICO PRINCIPAL,",0,ANA RAMÍREZ FRANCO,PARTICULAR,MULTIFOCALES,1.200.000,109.091,0,TARJETA DEBITO,,,DANIELA RIVAS
3055,001-002-0000561,44444401-7,MIGUEL AYALA MEDINA,12345678,23-09-2026 09:48,CONTADO,"MEDICO PRINCIPAL,",0,MIGUEL AYALA MEDINA,PARTICULAR,LIMPIEZA PROFUNDA,30.000,2.727,0,TARJETA DEBITO,,,CESAR SOSA
3056,001-002-0000562,44444401-7,LAURA ROJAS MEDINA,12345678,23-09-2026 14:40,CONTADO,"MEDICO PRINCIPAL,",0,LAURA ROJAS MEDINA,PARTICULAR,LENTE DE SOL,400.000,36.364,0,TRANSFERENCIA,,,DANIELA RIVAS
3057,001-002-0000563,44444401-7,LAURA FRANCO ROJAS,12345678,24-09-2026 13:26,CONTADO,"MEDICO PRINCIPAL,",0,LAURA FRANCO ROJAS,PARTICULAR,LIMPIEZA PROFUNDA,30.000,2.727,0,TARJETA CREDITO,,,DANIELA RIVAS
3058,001-002-0000564,44444401-7,PEDRO CABRERA CABRERA,12345678,24-09-2026 14:11,CONTADO,"MEDICO PRINCIPAL,",0,PEDRO CABRERA CABRERA,PARTICULAR,COMPOSTURA/ SOLDADURA,60.000,5.455,0,TARJETA CREDITO,,,CESAR SOSA
3059,001-002-0000565,44444401-7,ROSA DUARTE DUARTE,12345678,25-09-2026 11:36,CONTADO,"MEDICO PRINCIPAL,",0,ROSA DUARTE DUARTE,PARTICULAR,ARMAZON GAMA MEDIA,450.000,40.909,0,TARJETA DEBITO,,,CESAR SOSA
3060,001-002-0000566,44444401-7,ELENA FRANCO MEDINA,12345678,25-09-2026 13:25,CONTADO,"MEDICO PRINCIPAL,",0,ELENA FRANCO MEDINA,PARTICULAR,LENTES DE CONTACTO,280.000,25.455,0,EFECTIVO,,,CESAR SOSA
3060,001-002-0000566,44444401-7,ELENA FRANCO MEDINA,12345678,25-09-2026 13:25,CONTADO,"MEDICO PRINCIPAL,",0,ELENA FRANCO MEDINA,PARTICULAR,LENTE DE SOL,400.000,36.364,0,EFECTIVO,,,CESAR SOSA
3061,001-002-0000567,44444401-7,LAURA RAMÍREZ ACOSTA,12345678,26-09-2026 08:17,CONTADO,"MEDICO PRINCIPAL,",0,LAURA RAMÍREZ ACOSTA,PARTICULAR,LENTE DE RECETA,700.000,63.636,0,EFECTIVO,,,CESAR SOSA
3062,001-002-0000568,44444401-7,ELENA SOSA BENÍTEZ,12345678,26-09-2026 15:18,CONTADO,"MEDICO PRINCIPAL,",0,ELENA SOSA BENÍTEZ,PARTICULAR,LIMPIEZA PROFUNDA,30.000,2.727,0,TRANSFERENCIA,,,DANIELA RIVAS
3062,001-002-0000568,44444401-7,ELENA SOSA BENÍTEZ,12345678,26-09-2026 15:18,CONTADO,"MEDICO PRINCIPAL,",0,ELENA SOSA BENÍTEZ,PARTICULAR,LENTES DE CONTACTO,280.000,25.455,0,TRANSFERENCIA,,,DANIELA RIVAS
3063,001-002-0000569,44444401-7,SOFÍA VILLALBA NÚÑEZ,12345678,26-09-2026 08:58,CONTADO,"MEDICO PRINCIPAL,",0,SOFÍA VILLALBA NÚÑEZ,PARTICULAR,COMPOSTURA/ SOLDADURA,60.000,5.455,0,TRANSFERENCIA,,,DANIELA RIVAS
3063,001-002-0000569,44444401-7,SOFÍA VILLALBA NÚÑEZ,12345678,26-09-2026 08:58,CONTADO,"MEDICO PRINCIPAL,",0,SOFÍA VILLALBA NÚÑEZ,PARTICULAR,LENTE DE RECETA,350.000,31.818,0,TRANSFERENCIA,,,DANIELA RIVAS
3064,001-002-0000570,44444401-7,ANA ORTIZ SOSA,12345678,27-09-2026 15:05,CONTADO,"MEDICO PRINCIPAL,",0,ANA ORTIZ SOSA,PARTICULAR,LENTE DE RECETA,700.000,63.636,0,TARJETA CREDITO,,,DANIELA RIVAS
3065,001-002-0000571,44444401-7,MARÍA FRANCO GIMÉNEZ,12345678,27-09-2026 14:43,CONTADO,"MEDICO PRINCIPAL,",0,MARÍA FRANCO GIMÉNEZ,PARTICULAR,ARMAZON GAMA MEDIA,450.000,40.909,0,EFECTIVO,,,CESAR SOSA
3066,001-002-0000572,44444401-7,MIGUEL ACOSTA GIMÉNEZ,12345678,28-09-2026 12:33,CONTADO,"MEDICO PRINCIPAL,",0,MIGUEL ACOSTA GIMÉNEZ,PARTICULAR,ARMAZON GAMA MEDIA,450.000,40.909,0,TARJETA DEBITO,,,CESAR SOSA
3066,001-002-0000572,44444401-7,MIGUEL ACOSTA GIMÉNEZ,12345678,28-09-2026 12:33,CONTADO,"MEDICO PRINCIPAL,",0,MIGUEL ACOSTA GIMÉNEZ,PARTICULAR,LENTES DE CONTACTO,280.000,25.455,0,TARJETA DEBITO,,,CESAR SOSA
3067,001-002-0000573,44444401-7,LAURA NÚÑEZ RAMÍREZ,12345678,28-09-2026 12:30,CONTADO,"MEDICO PRINCIPAL,",0,LAURA NÚÑEZ RAMÍREZ,PARTICULAR,LENTE DE RECETA,350.000,31.818,0,TARJETA DEBITO,,,CESAR SOSA
3068,001-002-0000574,44444401-7,LAURA FRANCO SOSA,12345678,28-09-2026 09:49,CONTADO,"MEDICO PRINCIPAL,",0,LAURA FRANCO SOSA,PARTICULAR,LIMPIEZA PROFUNDA,30.000,2.727,0,TARJETA CREDITO,,,DANIELA RIVAS
3069,001-002-0000575,44444401-7,LAURA ACOSTA ACOSTA,12345678,29-09-2026 14:27,CONTADO,"MEDICO PRINCIPAL,",0,LAURA ACOSTA ACOSTA,PARTICULAR,LENTE DE RECETA,700.000,63.636,0,TRANSFERENCIA,,,CESAR SOSA
3070,001-002-0000576,44444401-7,PEDRO SOSA SOSA,12345678,29-09-2026 14:14,CONTADO,"MEDICO PRINCIPAL,",0,PEDRO SOSA SOSA,PARTICULAR,LENTE DE RECETA,700.000,63.636,0,TARJETA DEBITO,,,DANIELA RIVAS
3070,001-002-0000576,44444401-7,PEDRO SOSA SOSA,12345678,29-09-2026 14:14,CONTADO,"MEDICO PRINCIPAL,",0,PEDRO SOSA SOSA,PARTICULAR,MULTIFOCALES,1.200.000,109.091,0,TARJETA DEBITO,,,DANIELA RIVAS
,,,,,,,,,,,,38.930.000,3.539.091,0,,,,
